0.6110497126096299,7.0,88.0,0.2765305863286708,4.0,0.36731139714258726,2.1928105009618744,0.26795568760901367,0.5360633818587914,21.0,2.0,0.5604857484630269,0.29355412045761686,0.5766954485405604,1.2225645471241118,-0.5577600425144406,-0.3515006480764406,1.3228897792465757,-2.230093296600444,0.2804405193328503,0.628370646232345,3.0,90.0,0.5321900125556172,6.0
0.2742725006375499,6.0,62.0,0.15266553785207526,6.0,3.942256043173174,2.528206612354889,0.4372600823914632,0.795141054515471,23.0,1.0,0.2576241062669037,0.7325302790224455,1.0934091440437521,0.4663253007419064,0.3276171542464962,0.5872357294949409,1.0329158102586375,0.5257554917212692,0.36548663174609264,1.3414458262439066,9.0,81.0,0.8810211161341791,8.0
0.7254991530476821,6.0,89.0,0.1719852629173383,8.0,2.357084538568756,1.084009054883822,0.2579680401957859,0.2943442814657108,22.0,0.0,0.2452265504005512,0.15150608712020563,0.4292144367534537,0.77944205736904,-0.2461710508421101,-1.382326489051353,0.49279291130519964,-0.26157542502067965,0.9071544706049939,-0.7802922866167349,7.0,99.0,0.8983162238248263,8.0
0.9309112125698124,6.0,19.0,0.061882646227121696,3.0,0.7423438178018562,0.5227161064302654,0.20094988391371585,3.9344850450547555,24.0,5.0,1.0912384980856584,3.3214674643748836,0.7210005892299435,0.33648613371988945,-0.3486247026999443,-0.09406784136648261,0.06304692019625065,-1.413281824141647,0.63681797037436,-1.0923324828024312,6.0,26.0,0.7239532492065824,6.0
-1.3225123559548262,4.0,99.0,0.15347554314289014,6.0,0.3629880447401498,0.7083861062082683,0.28260474950399495,3.248207507419712,31.0,2.0,0.5770755815786355,0.037787315375687136,1.52272740349809,0.4760645728630248,0.08061958698252647,-0.7502483730675559,2.0925695627821197,0.2444133392669836,0.4274453022661675,0.546376244723467,4.0,35.0,0.3541807502940739,7.0
0.39602564432361087,4.0,75.0,0.7858152159841056,4.0,0.7849944403204493,0.6900871416995421,0.37384281867995994,0.4945014104540306,25.0,2.0,0.6107813370328551,0.8202077458846593,1.4058719174444556,0.9223719152812991,-0.10345575001708229,1.5796599536232574,0.468900323120842,2.109702068821413,0.433336554830967,-0.38447815256750634,6.0,6.0,0.5926051803073606,9.0
-0.5578029566774099,7.0,72.0,0.3660195847077372,3.0,1.863365758797453,3.741578585113083,0.34283086822415226,2.2524244219693608,30.0,2.0,0.3114594535927985,0.33487510761403017,2.50872631703003,1.0660448610041537,-0.23922213221538557,0.7743908838258302,0.5341309406638685,0.1561622668341065,2.1788667226140745,-0.9481997120115133,8.0,87.0,0.8725648525656942,8.0
-0.11081603805485456,4.0,33.0,0.4969748799314442,5.0,1.2766521235986188,0.39246218222290497,0.290431435597145,0.4744429067672818,26.0,0.0,1.0388470070042555,1.1784744518046941,1.8744772971225856,0.17597002762619063,0.02002208287936591,0.9831864771039033,0.7319737539473775,1.0249218895227266,1.9476043513449777,0.7231018072479549,5.0,84.0,0.9251698008561904,6.0
0.6479819282864273,6.0,79.0,0.9448783569113072,6.0,1.3141016314733909,3.3720806164740065,0.5121033730132346,4.38234766995529,29.0,1.0,6.822774358447955,0.19328371090741436,0.7932293055863601,0.40786230869786033,-0.059043524154003046,-0.5196315137241488,0.8541910387419768,-3.1355082952305064,0.10572683519502535,0.8727536552830777,4.0,52.0,0.7468907848301504,3.0
-0.04215483611322987,7.0,37.0,0.5548826852686544,2.0,0.1302785708563976,1.0562678702979997,0.25893642979372905,0.1911285517365161,20.0,0.0,2.480712149958104,0.05628071894609499,0.567631074282004,0.998358299493944,-0.38779530909275817,1.67533852104224,0.2381242737258928,-1.4450019098250522,5.5240234750765325,0.9974713059863576,8.0,0.0,0.6114839323737431,6.0
1.1143758022846135,5.0,51.0,0.6278519713441805,7.0,0.398082081139782,9.184106775282055,0.22264750223833155,0.00013079095437555622,26.0,1.0,4.484474690010338,0.6761566304837197,1.501186239057297,0.92204426642961,-0.018460936485736656,-0.5825927513777102,-0.3132933383710807,-0.19656225695837648,0.7917070984839634,0.12655558837431866,6.0,3.0,0.043241482052239544,6.0
0.39446192882639725,6.0,88.0,0.6032760772156261,7.0,0.5910725491943091,13.01678591253525,0.20053252060373386,0.8474531845419766,22.0,2.0,0.5250999048091719,0.7528707957635226,0.47406805405884267,0.7372144906366552,-0.4133034162326238,-1.030570786484947,-1.2488011555253218,0.8232877270022296,0.5046957477529621,0.21444784384663296,6.0,25.0,0.809623884223483,6.0
0.15182253872812812,6.0,75.0,0.07139339819833135,6.0,1.352708835377073,2.269626055812525,0.27411270307548213,1.5000384398558304,28.0,0.0,2.7885930743917933,1.348513848805287,0.70512614741314,0.8756062923676088,0.13347149958910665,-0.32174431163636796,-0.11716280569719333,-2.1187245175570375,0.9699072946662002,0.1399858418059433,5.0,62.0,0.548982301614811,2.0
0.22127838893661234,5.0,93.0,0.23923430471997886,6.0,1.8739728428987241,1.8878955577271082,0.015643190798591465,0.31422137292340657,24.0,1.0,1.0290526049371402,1.2888496792424782,0.7374499241439892,0.3634118342247993,-0.3071033817157307,0.053551215963743855,2.3286419427055964,0.5850559150218881,0.1687292952463868,1.414927421104705,4.0,37.0,0.19985304176714136,4.0
0.23574223868760616,6.0,25.0,0.40579264020953154,5.0,0.5572485903458495,8.233055602417858,0.4235800331111213,0.992593528531618,23.0,0.0,2.0089415628651675,0.0008258857553757881,1.4667433279103956,0.25079387283256516,-0.30380791895027925,0.331403164373522,0.23947452939990257,1.3530683850784104,0.7798843795177947,-0.551685626420494,5.0,24.0,0.6030832223429845,2.0
-0.5407422148701806,6.0,17.0,0.6704691417786975,3.0,1.9287084061640392,2.4737719705095293,0.21522501286726498,0.10007438727221764,31.0,2.0,3.686343340346361,0.9193062002006611,0.604750075408139,0.5803983156888142,0.00023262344386865141,-1.508371064375161,1.5706701370035172,-0.053724182563546385,1.304911688377937,-0.9033623396446593,2.0,43.0,0.6167696281830078,1.0
-0.08436790697756211,3.0,70.0,0.6008713181115081,3.0,0.10887884177717112,3.119726194780488,0.27401484205620846,0.42852394083387735,26.0,2.0,0.8124200978539194,0.3772491166610281,1.0754845999154896,3.63625085910125,-0.399917914630915,-0.8205749514150873,0.8945541040241166,2.223306486492998,0.5003007236628753,-0.8478205870333447,5.0,24.0,0.19832868503419077,3.0
-1.1615385450069748,6.0,2.0,0.5693905461579798,10.0,1.9513284358477743,1.1007111276369241,0.5921145105532001,1.145472006472144,24.0,2.0,1.9713566532202123,0.3684202899144555,0.6398746744772712,0.4756807460822112,-0.09668796186747775,6.883790905722114,0.3561249233594253,2.516961060613946,0.5873852771412562,1.975853877797209,3.0,25.0,0.5440346573048338,2.0
-1.0826090598384408,5.0,82.0,0.9021397864739459,4.0,0.20465878795386783,4.507741038696517,0.43225264425793797,2.61087022104155,26.0,1.0,0.3528291038227318,0.18023328548199813,0.8979393332407127,2.1472695364991603,-0.32757686552779675,0.4567488404406132,0.253731735625295,0.8649575718502005,0.5814737095654,-0.2824902900017326,4.0,94.0,0.3587581508808104,3.0
-0.025224608538767294,7.0,55.0,0.7663540882387859,8.0,0.4903307505685481,1.7799871081995178,0.01768707470100607,2.5508825325967415,27.0,2.0,1.6953358117336732,0.20126554956930942,2.2349982438281515,1.1041991320014697,0.18333649703940336,-2.057096601109666,-1.0747442551418387,2.8779039265435262,0.7281341851529699,-0.1918905458089412,5.0,17.0,0.7405249581662628,4.0
-0.3239648270354974,5.0,57.0,0.5884659351491446,7.0,0.04234630911675618,4.193922929238514,0.2627953512367231,0.008557829191276536,31.0,1.0,1.164813149943177,0.11800037617719616,1.2854522049579569,2.6081519544946494,0.48412001021107665,0.10719911934346653,0.324135813556171,-1.4502107346798372,0.9527565053297337,0.8420589775146542,5.0,65.0,0.9651711515827862,5.0
-0.26538578880170793,2.0,62.0,0.3502353982217057,2.0,2.2329493703680243,3.7901709490199695,0.5127603271299337,0.491500887998745,24.0,1.0,1.6655825897336052,3.0451299070315114,1.5304783066756222,0.23173267550269813,-0.06135649060383297,-0.21665657951543688,-0.6504636503308026,0.7225449667576473,0.5534682347988857,-1.9386411982909224,5.0,23.0,0.40088025901630076,6.0
0.4330963291178698,6.0,45.0,0.954348420129959,5.0,0.032114202037372724,4.027139716069633,0.20373103310750296,3.369249934345904,24.0,1.0,2.1357973098675114,1.6934246051343078,1.140706534967349,0.9488055995809705,0.12520527249339586,0.7193412838486759,0.6887877907872633,0.582792895369177,0.702703423737117,0.28409292310843615,5.0,78.0,0.40879672418805657,4.0
1.027840358791337,5.0,0.0,0.8392266598512905,5.0,0.8532064629994557,5.745544894517073,0.5409299841418959,0.9399554527995079,22.0,0.0,0.8007227020159767,0.6002816179593606,1.670281273894576,0.38637955029804466,-0.14105558338893265,-0.18483498529079254,-1.0522032050035115,-2.2507913723177566,0.3453400333526715,-0.998253698397047,6.0,3.0,0.2665807896464626,7.0
1.1749180608901306,4.0,51.0,0.30648039477547484,2.0,2.0748663875027917,5.062559272462634,0.0893818547408932,1.289268213930802,26.0,3.0,1.9231581334355998,0.4952016740672627,1.1305573960537658,0.9784022987672241,0.03505710760908387,1.0576689571955038,-0.499377094912878,0.14549056347191147,0.7074071022356494,0.3859683565081254,5.0,92.0,0.8684798844194981,4.0
-0.0004634192845375235,4.0,77.0,0.16403586355407362,7.0,2.8847476875753304,8.044545428302088,0.12248656332391468,6.7046068059378765,22.0,3.0,0.3356308286113804,0.24810706688763773,0.5088535891279055,0.1708485995232994,0.12138882288547825,-0.7188670708389839,1.047830727047042,0.31644050471966834,1.658378779308074,0.3172650799443351,3.0,52.0,0.5381848815388784,3.0
-1.3401289978863022,6.0,6.0,0.2715255863385576,6.0,0.3106687081124887,0.6010302153567914,0.21484699714670233,3.346823843918147,30.0,2.0,0.29139987240862464,0.3604046081702206,1.487151103973836,0.34171545286556654,0.08688693475017462,2.039373826439692,0.3767334935106154,-1.8952469297856647,1.7411357932247347,-1.604160052095664,5.0,5.0,0.8211813640897928,4.0
-0.2725641871997372,8.0,27.0,0.7061250348228261,4.0,2.234819588008098,6.089582144519693,0.26692250667412537,3.57984833635451,25.0,3.0,0.5607984906505485,3.164335713750745,1.345744550138895,0.858607895299331,-0.31662059022157074,0.10225391855920718,-0.20212329089722353,-1.9816416726644688,0.4693916736216619,1.1512451796734762,4.0,40.0,0.633109879879383,3.0
0.5992949514709498,4.0,81.0,0.07376427634287153,3.0,2.352592679017275,2.4953125661375037,0.10454144684417149,0.0787210873955161,22.0,2.0,0.29819480152803746,0.32908121671736335,1.517617293885293,1.529749493596854,0.37306246736817494,-0.6523720159139484,1.983381552141601,0.15592312126400953,1.745031373760882,0.648410765651691,8.0,44.0,0.008658399975974174,5.0
-0.11996613993375688,6.0,36.0,0.8139505013602556,8.0,0.7472967158110637,1.3153211573172308,0.34000229931235104,0.5832196740675094,26.0,2.0,0.2591826318824861,0.1295011003918345,1.3214000364494976,1.2245640871099885,-0.26211002150685336,0.04159146789608623,-0.26733788869609193,-0.6878847912987331,0.46867579726965447,-0.08910083305695292,4.0,72.0,0.22784266585398683,7.0
-0.7416111759931348,5.0,88.0,0.550897620834712,1.0,0.6750063605992412,3.990912616084048,0.17825575785567319,1.0139145859931653,28.0,2.0,3.0155776850824947,0.36227722292637465,0.9159277403753916,0.7340226307034062,-0.288233820452802,-0.905791688362277,0.16292373429762805,-0.2250688962482017,1.545689678102213,-0.4412529608227579,6.0,78.0,0.9097958044806806,2.0
-1.016864511620582,5.0,78.0,0.9770271002964576,5.0,0.7294788581179044,4.954435017065173,0.22808059550043144,3.32163961116922,24.0,2.0,2.1655615880901684,1.2862198036095105,0.5031895524277855,0.8752452804399151,-0.6992725455556936,2.6537804004426375,0.34805075442870764,-0.7394246003503264,0.8321265123843429,0.3867798356152515,5.0,13.0,0.2973032915604522,6.0
1.2662197000484912,3.0,77.0,0.8259573858091146,2.0,1.7772394180562894,5.032077242161777,0.38933012926921745,2.3445147793864174,24.0,1.0,1.8411565759168336,0.26154855007978206,1.6720914917651024,0.2117326837461973,0.19269561837693328,-0.810214528041984,0.3983762297804119,-0.9417831390368132,0.36428732854932455,-2.3528973546556893,4.0,26.0,0.42374598456114587,7.0
0.7323409992394043,5.0,50.0,0.35230075643497893,6.0,0.7075796937826299,1.1376057147673866,0.23117589950653267,8.797374589411053,20.0,3.0,0.8318498114261729,0.11518567138247304,2.3814907518687205,1.5209349266558452,0.22455426353603092,0.47721326493032706,-0.12904904202400103,0.6212982135695357,0.7304609350366844,0.33469390714250935,3.0,39.0,0.3886740043356569,2.0
0.4094315742599974,4.0,28.0,0.07606121458884163,4.0,0.39034079878903677,5.742125596496612,0.14083965851328414,0.1455952832739798,22.0,4.0,0.8881839893344547,0.06564369616873234,2.5885537382621195,0.6396867259843837,-0.07008525112310326,-1.5761337486326665,-1.5579124455676057,-1.4103884991966371,0.34594514076664007,0.45213632844795765,6.0,74.0,0.959824570009428,6.0
-1.1296468751451874,5.0,82.0,0.72858339265909,11.0,0.23060059842649788,4.4932864680578035,0.5264026230867727,1.0600221895403472,23.0,1.0,0.9025688695737517,0.051554679954421534,1.0400698264841923,1.3519718428156609,0.26965102917454054,-0.26459692990130906,-1.3153023631587248,-0.3444549173779756,1.2382941045999765,1.6832498268734375,6.0,58.0,0.3098080625503128,4.0
-0.5000904488386465,4.0,64.0,0.6716266071873023,7.0,2.4015157591515943,7.394529159754663,0.08580338619248055,0.799493433575311,22.0,1.0,2.278090884498268,0.34950123925754806,1.38804823893504,0.7891592898909761,0.17725880461632004,-0.737106745499958,-0.6353303418271714,0.17992591209215014,0.9195587396888086,0.48603493594497343,4.0,37.0,0.28516659041656367,6.0
0.31377421930345856,5.0,38.0,0.9853870615216875,7.0,0.11622749856669008,5.140741550913978,0.30194504942168343,0.9113500250061763,29.0,4.0,8.72408102761794,3.564494968722806,1.3137687710077433,1.3564832477002873,0.323506760148634,0.16329434062747214,-0.5775994512311835,3.0043947336568664,0.2505583453608111,0.8001161542388742,5.0,64.0,0.45365113510580213,4.0
0.6291149545196693,7.0,19.0,0.9633852601409906,7.0,0.2190388904419226,3.517252108186135,0.10618805599019325,0.2629934616962742,29.0,1.0,2.569462811847154,0.16035112166760945,0.8599012132071737,0.34291253373742137,0.521411855464764,1.7714227311161774,0.9828608841213419,2.0632921981033583,0.1462756493820212,-1.3715419092741343,7.0,58.0,0.22497078849913887,5.0
1.6510124646984425,3.0,50.0,0.004938381103953726,9.0,0.25352685241302275,1.9446823126441775,0.11841011596693961,1.4309269045376023,23.0,2.0,0.761307077405433,1.3408703272153288,1.128209295418076,1.2663977315631998,0.10244504442088187,-0.30945666495034885,0.4580575665495441,0.28137056044160014,1.0829764196849159,1.0834421325141217,6.0,22.0,0.8704502062321267,2.0
-0.6018070562502522,6.0,82.0,0.3278638073033834,4.0,0.4084276271361754,8.44435226068926,0.27629776384395677,2.8337524413572397,32.0,1.0,1.4623471464527968,0.19419418976777814,1.5729491599420615,1.7592342548333408,-0.5706096462014789,-1.3677374684924446,-0.3230650019636526,-0.7032673670574274,2.185548732785051,-0.32475998971097975,5.0,89.0,0.6050930661380787,3.0
0.16159961815150092,8.0,3.0,0.917874714265183,6.0,0.19118452633276115,2.822175482193315,0.5309437524031614,1.0898195238504358,27.0,0.0,0.8300276591048249,0.19684824318706795,1.6180593352168926,0.5806330420513482,-0.41567681177068805,-0.6289271466712364,3.0942809318205975,0.14425732932760615,0.24186718406431496,-2.2307605895363034,5.0,99.0,0.5353593018628757,3.0
1.038360472658496,6.0,34.0,0.28152463083251544,12.0,1.3138149623497979,8.050602591296773,0.432668262442017,0.7930587858137736,30.0,3.0,2.295425258882852,0.04868114094919007,0.47922066600100965,1.1572797048712544,0.9176378866425713,0.9258839273054837,-0.8910944703547894,1.4959395535999533,0.19472304497145854,0.18751027603742604,4.0,98.0,0.8011278849166504,4.0
0.03535107367070641,2.0,76.0,0.42689684058772004,4.0,0.2863672333952957,4.05924517174788,0.44204516358668466,3.6675183178943445,30.0,3.0,0.2889905170822006,3.1481924089425135,1.2463952040399384,1.0393339301633653,-0.13521330880156968,1.6115882361436173,1.3379065648903044,1.09243069713236,0.5767646380386688,0.1969391471377871,6.0,86.0,0.8095693097227636,5.0
2.4734640564220083,3.0,13.0,0.29163498429824963,5.0,0.502899044426511,8.439143203479123,0.25304002008859194,1.2242473166475003,27.0,2.0,0.7078401888367977,0.5766445529412658,1.4762555124090557,0.6756091436590761,-0.11006719098527062,-0.07315797458408337,2.8020002647203874,-0.1349676159248303,2.0923119326995145,1.796360223850592,6.0,11.0,0.47913699888771744,5.0
0.7421542270882938,5.0,53.0,0.379449846122061,8.0,2.6355171249331213,3.6346193095755175,0.10802396669465372,3.2938919503134825,28.0,3.0,2.2361412979455615,0.03437929238860882,0.9196913420741821,1.5401071764908358,0.7758340990978323,1.4887949060407935,1.8094471472298979,-2.600692157909088,0.26018538079958997,1.2362727364767885,5.0,90.0,0.8261967480029434,7.0
0.655337612756043,5.0,86.0,0.9719540648577882,4.0,0.14796695390278103,10.153387124486539,0.05410521255895152,2.1167968905778642,21.0,3.0,2.744850615417411,0.0267958346326016,1.0450163744350371,0.5834280700846757,0.05352741110489789,2.6776885884383583,0.005459158815763356,0.6159920257600802,0.4819182126665005,-0.5482522601407018,6.0,24.0,0.1178153734209727,3.0
-0.16137169421060873,4.0,37.0,0.32869883291973945,3.0,2.136977099901963,4.303248097172714,0.19053041126262013,0.6376524794126993,27.0,4.0,2.4386145502175873,0.9531246431599472,0.8851690911939917,0.8776038764209165,0.4322276607546123,-0.18060556635512787,-0.23289666826062924,1.5537346853534553,0.28105317425267073,-0.35016468654636895,4.0,71.0,0.5648597461388465,4.0
-0.7933830747944116,5.0,37.0,0.4637071740693621,4.0,0.5357845568032235,1.092327776283962,0.5818165462979357,1.3872623608991594,27.0,2.0,0.18702647238752634,0.058260596960661104,1.0991495809525675,0.36525672307960305,0.28798010604258684,0.24875277286107247,-1.4463429207891974,-1.2153000162171006,1.3619830788536276,-1.8172516999965924,5.0,87.0,0.7961406874992812,8.0
0.1358865766098574,5.0,78.0,0.11373284548117646,4.0,0.041510207733805336,0.937793767568675,0.09586879906425436,0.29297981450656924,26.0,4.0,0.7562091367071408,1.0804682220978004,1.2083552894561156,0.7095567720773788,0.11020124199705816,-0.017844954553422568,0.3244965028950794,-1.610038708496326,4.426247508983557,-1.067881605550973,7.0,91.0,0.5296311842967826,10.0
0.02906346241927287,5.0,50.0,0.07379592948219904,4.0,0.021975770530638653,2.13367358888311,0.33487002676974287,0.6598030584730173,30.0,1.0,2.901284768426469,0.6929107881154921,1.0217843250452028,2.1586684040580377,-0.1280951468866336,1.3031079426353136,0.020258958980072028,1.4056447164884922,1.8860382635512374,1.1944619771250065,5.0,94.0,0.36909533576868114,6.0
-1.0338383196024448,8.0,18.0,0.39042443867445553,3.0,1.0834005068973125,3.1733508129553654,0.2563294829457368,1.9391653757587766,25.0,1.0,0.598099050220044,3.2371456933384843,2.1111532210288533,0.4828162213955128,0.6612592676971053,0.4549903979646163,-0.017751178046972863,0.9254250044534045,0.4306338604521305,1.1832591358320315,1.0,67.0,0.34367572225770004,4.0
-0.7305624267301019,4.0,49.0,0.604414052798265,6.0,0.6934728355509889,9.575067791841734,0.23555333998800637,0.6141582082087539,24.0,4.0,1.9125382199819703,0.38951231968594024,0.7968695222195988,1.762870777127072,-0.04514716628518223,-1.3776086645776229,-0.058020016721868836,1.7406422566637794,0.4838979035453288,-1.3519145433572557,6.0,32.0,0.564650831590484,3.0
-0.6022472712661268,8.0,76.0,0.07045888464316086,3.0,0.6830729266319189,0.5783711113794379,0.21685033818600966,2.4772449336180618,23.0,0.0,0.8011109546450532,0.33838478916244275,1.5257618735038463,0.2837302236151603,-0.0647470724174396,-0.18487540480189835,0.572475990885829,2.870920242395954,1.9001389600720648,1.8034728959014674,3.0,61.0,0.8063647115713816,3.0
-2.61259122680213,6.0,27.0,0.7999839467909816,5.0,1.9013399006551583,2.0392065870512774,0.10194560299776624,1.771433935279964,27.0,2.0,1.1603017636512012,4.372615593418728,2.5668438094657344,0.4825664587313208,0.25291215705246106,1.9835717829232429,-1.193517390943901,0.5605888865419608,0.2868004906417835,-0.0606702907744652,4.0,11.0,0.9712314560317399,2.0
-1.5064436221969317,5.0,93.0,0.6276865560550485,3.0,0.19848658408945014,7.94960203213449,0.11949293178265749,5.2482212283835805,28.0,3.0,1.4306613185387664,0.8968358394617093,1.1569193188566913,1.3524816757880276,0.16897902128312725,0.018605227328027128,0.03016168445658674,0.42093851647925895,0.9375626739492309,2.5288481492399306,2.0,73.0,0.8794307337799865,9.0
-0.5639900823729104,3.0,81.0,0.18612206106742646,9.0,0.602364748061151,3.3452747096715796,0.3768512573836299,0.49529710453553033,20.0,2.0,1.2564603398485557,1.0198943130180176,1.4078871869252632,1.1426208379405625,-0.886314133921933,0.6373360999530074,0.05129057067678978,-1.4183572154803672,1.3046746142977064,0.589838484756774,6.0,15.0,0.9307599590153061,0.0
-0.09259633891750822,4.0,30.0,0.5051662200093501,3.0,0.44842581580543545,6.822834686439112,0.15405742289815694,1.8078919318776945,27.0,2.0,4.358896922402864,0.5475154760920156,1.820750056904739,1.870791287318899,-0.3672230728556316,-0.5771617818553754,0.23953415746578402,2.4416290291549423,0.45790839198471756,-0.485421771367967,7.0,0.0,0.6332587056297109,5.0
-2.759626624923337,3.0,54.0,0.06957756056520503,5.0,0.4652680624779456,0.6450507457073372,0.21776527356759917,5.052452622576518,28.0,4.0,0.7884158578211187,3.357877583120219,0.9573182839852994,0.09959303530541193,0.6333019744507591,2.2598062565169035,0.3342942229131097,-0.08087288054799835,0.3645777212779182,0.39286694260521665,6.0,65.0,0.651946972681781,2.0
-0.28744013446333144,4.0,6.0,0.2333091363005526,4.0,0.12501651398502636,2.1747002362018657,0.319793908643949,0.08293379831247125,25.0,1.0,2.190565325540201,0.585320777661833,0.725362072104102,0.9926952687069635,-0.26963717925785713,1.9175379133987402,1.1081459074950055,0.8664407732755439,2.1041177050326874,1.1688328133606203,4.0,55.0,0.3926634388777889,3.0
0.8396070609168793,4.0,48.0,0.6042000243871402,4.0,3.302544847559148,4.154118296031772,0.20073746164788692,6.096051463755238,27.0,1.0,0.48099840381151215,0.14902090005178592,1.2429084567521727,0.8609543257956829,-0.40656790823859634,-0.5455400842587047,0.5066890203155726,0.06580888600324286,0.30503835051305683,0.9332675882483039,5.0,43.0,0.8937410774253186,5.0
0.14678833774390687,5.0,59.0,0.7713001938689593,6.0,0.36768195430546585,4.122896440801091,0.322884049496866,3.3003779157418505,27.0,1.0,1.7208373057348105,7.479951798305224,1.6922861224224004,1.255009039913768,-0.43926213130050507,1.4932111338679166,-1.0625175726226594,-0.36302582931366967,0.7626329910552753,0.44171917363012675,4.0,91.0,0.25820244852485685,5.0
-0.08182687874561101,6.0,6.0,0.30581132650532905,7.0,2.0269956245286957,2.4964804563957554,0.2922579612689515,1.372184706631072,21.0,4.0,0.7565289386179531,1.7055568503619263,0.2373936963303805,1.570035449770948,-0.050659025939600255,2.058810866760795,-0.9410650253790978,-0.988484311008138,0.799410750780148,-1.1827282965084167,4.0,33.0,0.9805549444969419,1.0
0.6555542613972742,5.0,19.0,0.9104250506585642,4.0,0.6291854940524512,3.7944676033184277,0.10064162215780843,1.9426422405649098,28.0,1.0,1.754783071654313,0.7328948113581739,2.090725487553578,0.8033398013443254,-0.062431661721840004,0.5937843032017103,-0.002602051766690957,2.1314644911092335,0.5782772582161506,-0.25470804472164515,5.0,4.0,0.6639639561543128,6.0
1.1258303093155735,3.0,93.0,0.06621488806807163,5.0,0.5506460957891339,6.633881013970851,0.42221919280019654,1.7311409139567953,19.0,0.0,2.133621532090153,0.8401596741800956,1.0603138098414557,0.5918287250140997,-0.9569199755928128,-0.4705719838219513,1.0454346675475896,-1.2592056352470093,1.2251623833967762,-0.1414772694388408,3.0,53.0,0.4418898754534931,5.0
0.41376142050740616,7.0,19.0,0.47410466024193787,3.0,0.23541321369762871,2.870855160219578,0.20824533171925683,3.491453188661392,26.0,4.0,0.3116171084601093,0.6601486287825928,0.8155267765660102,0.11468511467639068,-0.611145126972652,2.3095760830867915,0.28917281154186003,0.9631702712160344,2.2685858065828945,-0.12302428838006711,4.0,29.0,0.7322477076575283,4.0
-0.6111232864143258,5.0,2.0,0.6768088585572105,4.0,0.24519181034768908,6.290558383981736,0.30268806397494863,1.592935473655574,27.0,1.0,0.9310159550163213,0.6966622634197777,1.7962434509614311,0.8807183799745187,-0.3331592330811626,1.1289831380877386,2.7801920068668595,-0.854704154051511,7.4533769067638485,-0.28786864945850565,6.0,41.0,0.010028505903635687,7.0
-2.5150038788447033,4.0,8.0,0.8954860451464852,4.0,0.38441026257704203,3.598994044731365,0.3262623803663691,2.2872284532711835,19.0,0.0,1.9412259667065543,1.0915996738293874,3.6568879028073864,0.4275701894263907,0.1570105222177235,0.3955728374225636,-1.7133615060003673,-2.052789227663056,0.3599342897651546,1.994435342229316,6.0,88.0,0.5242263210686195,1.0
-0.41348945404748155,3.0,19.0,0.5671563414614429,5.0,0.5206346600053889,9.940942079593238,0.19421315348347432,1.0339564623964668,29.0,3.0,1.7120741803377146,1.285653886773329,2.220279884154464,4.787120227894214,0.279841108309252,1.2402272778823953,0.07749250307871128,1.1602469477301884,0.15653785469262305,-1.4953103074323861,6.0,78.0,0.37349382047268653,7.0
-0.2941106184455635,6.0,34.0,0.45392009434776814,6.0,2.421276595185978,6.147838216423719,0.28244566321474723,0.7033096005927506,22.0,2.0,0.3224998032928334,0.006815080026871145,1.102811444044027,1.5618721210060178,-0.4730328879588459,0.033707019895386256,0.194909687382262,0.058568316306753854,0.2062265578818332,-0.5188719338924034,5.0,28.0,0.22795920046712193,3.0
-1.1168361785373047,6.0,58.0,0.7347499563367033,2.0,1.9115132042708773,4.447792847415593,0.14341286951624302,3.6527267373855468,31.0,2.0,1.7440301343051416,0.24658001439118316,1.575717336479409,0.49030456207114,-0.3609215315738671,-0.07714577227690506,1.158483990936562,0.4065777985566137,1.207336988681126,1.119862620995302,4.0,4.0,0.913251482676938,3.0
0.6486808163412423,4.0,75.0,0.43081652665448344,5.0,0.14065152119868293,1.9228163728589287,0.3741381738659142,2.4524603949563164,27.0,2.0,4.505597095967379,0.6867893837198233,1.5936027719732626,0.04886008772727335,0.2709602768867674,-0.014048940090195503,0.2954531043756232,0.7201899886070082,0.14897754662107454,0.09219447912420344,5.0,31.0,0.28246522917043326,3.0
0.060373681953719206,7.0,81.0,0.2596885000221294,4.0,0.45970804696020057,2.2188679101578854,0.16472373191556913,1.2115612584238826,24.0,2.0,0.7126666423167384,3.289639545009863,2.788063618771804,1.4536302226970728,0.02227532249480313,0.28690723323221523,1.0426238518936268,-1.8294172280359984,0.3543672965652048,-1.3257317730103126,7.0,27.0,0.9873089614832029,7.0
-0.38746673747497784,4.0,46.0,0.8989212136169114,8.0,0.3982566038737521,4.385833539510876,0.6156536225303563,0.32201775423306794,22.0,3.0,0.497919110722257,0.33033047417310146,1.5993819027534686,0.10807428394231802,0.599810944937531,2.066094389297424,0.6821528877990546,-2.9646989869363516,0.4491073194371784,-1.1190539177235947,6.0,10.0,0.16344150844024496,3.0
-0.4636540382595601,6.0,50.0,0.9904355848234023,6.0,1.387394984902279,5.328472254460576,0.15004044418226298,0.8387283372135342,24.0,2.0,0.4506554899687682,0.08249633506725407,1.5175708267895653,0.6564548620932737,0.40926541152849094,-1.1085295954419183,-0.29169920582979775,0.009643627413403077,0.6062416605111627,-1.0893738051473802,6.0,25.0,0.09268864564836155,7.0
0.5239278729033456,3.0,61.0,0.6381225901445818,3.0,0.31129132475638244,3.055857167608738,0.4815317072930506,3.189757153221337,24.0,3.0,1.3596922654068333,0.1200358418181029,1.4816558669162527,2.7143811591571367,-0.6786065684268239,-0.8722378148999863,0.4249248615181817,0.7354146622825999,2.9235349607845262,0.22047681344367323,7.0,25.0,0.24746619992798724,8.0
0.4042457880609429,5.0,81.0,0.15825924141382297,4.0,0.46305932927773963,2.340055722231988,0.40550415256640926,4.755673598734137,22.0,1.0,3.425364093107528,3.9330121379690146,1.7313186986721425,0.5459547247497101,-0.1382216663838023,0.395294778470392,-0.7214672577238472,0.06814116184431374,1.4877754283143674,0.8636734671451065,3.0,2.0,0.47338554959996415,9.0
1.2790325337366233,3.0,49.0,0.711842230502832,2.0,1.1412396640975588,0.8803391458780419,0.2780967449055307,1.2527539240375711,24.0,2.0,0.7066966594728573,0.40464508333362104,1.5226133304874396,0.8731724720752843,-0.2228701317048326,1.9624775329678654,1.2864199236962335,-1.1792733259490777,1.3814664898224607,-1.373552697548253,7.0,89.0,0.9167902773524298,6.0
1.5676504007838863,4.0,66.0,0.18023471190375862,5.0,0.19957859000713693,10.828707186202974,0.22374467797207817,1.807694694520819,25.0,2.0,1.9446022347273975,0.28398651608766134,1.14696587411192,0.9491730068926024,-0.7690164602302292,0.5893811548071878,0.10117212611034185,-1.3046532646235756,0.2555115196573978,-0.8100761816097045,5.0,11.0,0.9023437437987144,3.0
1.011268869295333,7.0,77.0,0.8335553842509819,2.0,0.4780106519470045,1.6357429203288518,0.16665628936434193,0.44511845079986906,26.0,0.0,4.164200337771965,0.03236031624684643,1.766517789411791,0.8564526580250138,-0.09701967511384513,-1.2618881794893313,0.827933367900063,-0.892039594723192,0.7953002413033115,-0.580523327551122,5.0,90.0,0.02945271398710181,2.0
-1.137333315283712,4.0,13.0,0.6452762768394702,3.0,1.8543469125775232,2.197979641055286,0.43563137599593443,0.48397112291816674,19.0,2.0,0.7655959471566095,0.5621908571613654,1.3700651481794206,0.5697104455662734,0.5567898049523328,-0.7937265321314925,0.4132225623423868,-0.6354106905681638,1.344544443588534,-1.2692137561085723,3.0,26.0,0.8866460922056331,7.0
-0.5382459821354737,8.0,2.0,0.6206455655371987,8.0,1.5630574248101539,11.340543042821704,0.1502226109121527,1.0775850966475273,21.0,3.0,2.55822916865769,1.7637844418443214,1.0179039756107,0.5091162629323187,-0.19409798166447034,0.2832395973012056,-1.2468534165088256,0.12215317471699016,0.8418855693351984,-0.7749022585730873,3.0,30.0,0.8754488852738549,3.0
0.9083310939832334,7.0,62.0,0.03435547401865435,1.0,0.10472471623387841,8.040100214816993,0.2856421195280465,2.30003754033557,30.0,2.0,4.617374121564501,0.4522398912345289,1.8924217293113192,1.2616323351967265,-0.15961050102328433,1.3292575844409638,0.5804220220669829,1.7332269430971925,0.3539352837602209,0.11104895909886953,6.0,68.0,0.37827013612244087,6.0
0.03760890892321015,6.0,8.0,0.504056906470769,5.0,0.3180387794722027,1.805254832213513,0.026454193551885795,3.662981798010064,25.0,1.0,0.7291413860434467,0.06357133137468773,0.7607743690848879,0.4689576697166718,0.441501246736849,0.307581666535076,0.9550434942683741,0.18645236495291728,0.26788794849681996,0.8192119221642133,7.0,88.0,0.46011751557024816,2.0
-0.19433477829607151,4.0,3.0,0.9627624085350976,4.0,2.727867285930096,7.424539196110149,0.1463719727002303,2.7616219829149617,21.0,3.0,1.4369894850133915,0.11612424311144376,0.15771357976142453,0.18327874068158742,0.08046122760925822,-0.07322070323834201,-0.5595544775992145,0.08812435498614546,0.12284723973028466,0.23001772710218474,7.0,3.0,0.29841573025077095,4.0
0.9659754986154839,6.0,15.0,0.6183159737037417,8.0,1.462509499918394,10.085051223252595,0.16447516238026244,3.2178021472162595,26.0,1.0,0.9773077767964049,0.026863310857028644,1.4234519960899492,1.9037650893615679,0.19101987455819625,1.024360726349221,-0.594240492838381,-1.646069201270203,0.236556515371958,-0.43932180298279416,6.0,18.0,0.08525985954665427,6.0
-1.602112649522724,4.0,36.0,0.13965396990032763,1.0,1.0744588018042964,5.981339277712762,0.39891056197423636,0.7098624531277155,23.0,2.0,2.0356907303213165,0.40894654062422076,2.885567948263367,1.3962853939535063,0.07605535057915802,0.7946873683300546,-1.7632435722124176,3.140667530268951,0.6971429544866212,0.43718244677105905,3.0,22.0,0.010944499150218334,4.0
0.4864195537101134,5.0,3.0,0.7442053588775653,6.0,1.2453957761690362,3.1799109299752524,0.3991148649475559,4.555662287278897,22.0,0.0,2.127940868334122,0.21951588025718394,1.5816330268853738,0.6907500408407694,-0.29215720487439234,1.4470503547702647,0.8548422824973453,-0.6867060832133771,0.35487879439660086,-0.7669762318992442,8.0,81.0,0.17722405594773738,2.0
0.006233047457964124,3.0,65.0,0.26463969561114586,8.0,0.5424932865305523,4.510192830350471,0.435141232442569,1.250970747056724,24.0,3.0,7.194017347151649,0.04947590849552008,2.23484818379763,0.23713892054753186,0.24430021454855455,0.44089832713946997,0.7264413133377174,1.204929127626312,1.0825687330651572,-2.470240369367652,6.0,42.0,0.6090564928407546,8.0
-1.7604363942510006,6.0,10.0,0.44137204206396063,9.0,0.4301460475661243,7.208877441712875,0.29776432320119395,0.09993237100594174,19.0,1.0,0.9009945881355594,0.01569147800374404,0.9431997108745707,1.0567620914361724,-0.768441162555755,-0.4620041527349907,2.6981024631048243,0.22737094042087858,1.5620720027558295,0.7078927279719218,3.0,99.0,0.5089002167020207,5.0
-0.24079552138659535,5.0,46.0,0.3615491472697798,10.0,1.4741316972971052,5.470342342001508,0.2214965345559979,2.63974443259974,29.0,0.0,1.3488270373933688,0.6430481990103669,0.6872407892991712,0.9796452763413401,0.18587354584079763,0.6819878935349808,-2.591380833656205,0.7031590924222155,0.6262743709310566,2.226045771478859,3.0,75.0,0.9376139762955252,5.0
1.6680386196867283,6.0,54.0,0.6719569160389538,6.0,0.40322504794058106,1.1381964376341809,0.18693542088123327,0.07918560513459676,21.0,0.0,1.1910844311928264,1.551007310014632,0.3791255335724504,0.5169735949709339,0.017663062436217514,0.8648499112635284,-0.021231064592428763,-2.5134940562386294,0.33227837171515684,0.9729714364361518,2.0,62.0,0.2068368786208038,6.0
0.7635951614569593,3.0,97.0,0.2455828945215751,1.0,0.0978320144681522,3.009830673948111,0.162132559472617,2.687146703111011,26.0,3.0,0.41821228118224507,0.2489062856901354,1.4927312672960018,0.6009029902865074,-0.867485040552128,0.6958248209130719,-1.3747902420758211,-0.3708083783619749,1.160942485415432,0.3047220901129059,6.0,26.0,0.37407253836192655,5.0
-0.9380694918311148,3.0,19.0,0.5421218473397704,3.0,0.004778417672279542,1.8800405831039335,0.42762934952895376,0.21799953314887466,21.0,1.0,2.21849155158682,0.1828277584152218,2.2685028339528093,1.0749591494302166,-0.7341904100761034,2.088093630142528,1.0982423455865182,0.9177756774542685,2.1940336408294816,0.018000317292379202,4.0,77.0,0.38364240944413075,3.0
-0.7140809376842888,6.0,52.0,0.7675049164518436,4.0,1.460552602617126,2.436838227542974,0.5623347310613679,1.7876338361077957,25.0,1.0,1.3855449065169698,0.014549340413509748,1.9424548659223517,1.1540550525120443,0.01250324637005662,0.12331524762282806,-1.4208098817699768,0.7625969477396066,0.7114593066795394,0.09918595862176727,4.0,73.0,0.32913778396390037,3.0
-1.2623764477990531,5.0,79.0,0.5363062072098155,2.0,5.217343111028758,3.6092719684531622,0.1909000148591966,5.903599379275002,28.0,3.0,0.4797020494614565,0.17497463840815675,1.4517682546219954,0.22552465421796175,0.23272668464787005,-0.059514967716188846,-0.5591097482124959,0.22208996140347015,0.5937846794703395,-1.8388441549287566,5.0,25.0,0.12351159694161251,6.0
-1.054821380307726,2.0,73.0,0.7631059374139684,4.0,2.824335762177962,7.755248656828879,0.24587184312341281,2.612830470982988,27.0,1.0,0.3760555463145839,0.13706532080089628,1.3654211923360646,0.2995753095770544,0.4370785412484406,2.1532077527940374,0.031171468656775548,-0.23125416686115496,0.5353086864263297,0.6347118889815221,4.0,32.0,0.9637894403078977,4.0
-2.296385155312164,5.0,96.0,0.022774650184016143,5.0,2.8745966041845357,0.9987969565393592,0.10519122490338706,0.6643516697950048,22.0,3.0,1.465403849067153,1.4359166005557027,1.0067293186840003,0.8643173225649667,0.02766656264038503,-0.005812290702897441,0.07012931109544687,0.5534004779391544,0.40291395209050695,1.6405149807908732,7.0,53.0,0.40296856973088846,4.0
-1.230695855374854,5.0,82.0,0.5959626911262916,2.0,0.4549896935443814,10.711078637942308,0.13513719697453622,2.723176661263552,27.0,1.0,3.7810006115486914,0.07062181768500086,1.6272497019984227,0.06581987157931773,-0.08760010994102163,1.9339468845465868,-0.3652755965295679,-0.20533462659669066,0.6366576504628618,1.7948408540083185,5.0,15.0,0.9918387171236916,3.0
-1.0293804949360317,4.0,5.0,0.15090881249134358,4.0,0.11136563811192773,3.570431004213791,0.08394058428747195,0.15538800482943196,23.0,3.0,0.3005870915713158,1.278036994097051,2.5077645912491557,0.4265550273137758,-0.04524987608399145,-0.9710306004076863,0.7285749387782738,0.4388779900652229,1.0118728606455711,1.1862542725072756,5.0,32.0,0.8210140021724417,3.0
